City,Country,Lat,Lng,Max Temp,Humidity,Cloudiness,Wind Speed
Georgetown,MY,5.4112,100.3354,85.95,86,20,3.44
Vaini,TO,-21.2,-175.2,80.76,89,40,10.36
Beringovskiy,RU,63.05,179.3167,51.55,69,100,5.5
Mataura,NZ,-46.1927,168.8643,47.48,93,99,7.72
Itagiba,BR,-14.2836,-39.8428,66.18,99,27,1.03
Hithadhoo,MV,-0.6,73.0833,80.38,75,100,14.63
Rikitea,PF,-23.1203,-134.9692,72.93,75,9,15.93
Busselton,AU,-33.65,115.3333,58.69,59,60,10.29
Ushuaia,AR,-54.8,-68.3,42.46,70,40,23.02
Yellowknife,CA,62.456,-114.3525,57.72,72,75,4.61
Atuona,PF,-9.8,-139.0333,76.68,78,14,14.43
Lompoc,US,34.6391,-120.4579,78.94,87,0,14.97
Cape Town,ZA,-33.9258,18.4232,48.11,92,40,2.3
Hermanus,ZA,-34.4187,19.2345,43.81,68,51,5.84
Itoman,JP,26.1247,127.6694,86.02,89,75,10.36
Huangmei,CN,30.1924,116.025,89.89,51,4,3.78
Jamestown,US,42.097,-79.2353,64.04,64,0,0.0
Paamiut,GL,61.994,-49.6678,43.36,89,78,12.08
Saint Anthony,US,45.0205,-93.218,78.93,65,0,9.22
Provideniya,RU,64.3833,-173.3,51.4,73,99,7.9
Dikson,RU,73.5069,80.5464,41.14,94,94,11.1
Loksa,EE,59.5764,25.7214,56.93,83,24,6.76
Castro,BR,-24.7911,-50.0119,45.37,78,7,3.42
Ola,RU,59.5833,151.2833,55.96,82,100,4.99
Starosubkhangulovo,RU,53.1031,57.4423,62.6,78,100,2.21
Tonk,IN,26.1667,75.7833,83.19,66,99,11.65
Trelew,AR,-43.249,-65.3051,43.18,63,73,7.16
Baruun-Urt,MN,46.6806,113.2792,75.83,49,0,7.81
Geraldton,AU,-28.7667,114.6,61.21,63,0,14.97
Punta Arenas,CL,-53.15,-70.9167,41.11,70,0,13.8
Narsaq,GL,60.9167,-46.05,42.94,92,39,1.54
Maniitsoq,GL,65.4167,-52.9,44.42,84,51,13.18
Catuday,PH,16.2923,119.8062,82.44,76,99,13.94
Peniche,PT,39.3558,-9.3811,67.1,95,0,6.35
Upington,ZA,-28.4478,21.2561,43.18,65,0,2.3
Lakatoro,VU,-16.0999,167.4164,81.34,70,100,6.58
Nyurba,RU,63.2842,118.3319,78.15,50,12,3.76
Kaitangata,NZ,-46.2817,169.8464,43.74,89,99,9.64
Arraial Do Cabo,BR,-22.9661,-42.0278,66.76,67,2,13.94
Gayeri,BF,12.6497,0.4931,78.76,77,61,7.92
Santiago Del Estero,AR,-27.7951,-64.2615,60.19,29,0,7.67
Lagoa,PT,39.05,-27.9833,72.46,72,0,5.17
Puerto Ayora,EC,-0.7393,-90.3518,71.55,86,48,1.99
Cayenne,GF,4.9333,-52.3333,79.09,1,75,0.0
Tasiilaq,GL,65.6145,-37.6368,35.06,61,31,6.49
Stege,DK,54.987,12.2846,61.05,81,48,9.93
Nam Phong,TH,16.7023,102.8557,87.1,64,99,3.51
Port Alfred,ZA,-33.5906,26.891,49.17,78,5,4.0
Ponta Do Sol,PT,32.6667,-17.1,71.01,79,14,6.98
Upernavik,GL,72.7868,-56.1549,46.15,75,100,6.15
Broome,US,42.2506,-75.833,62.98,89,0,1.03
Seoul,KR,37.5683,126.9778,83.59,83,100,1.14
New Norfolk,AU,-42.7826,147.0587,53.89,78,100,7.61
Bethel,US,41.3712,-73.414,73.56,78,0,4.25
Kodiak,US,57.79,-152.4072,55.49,92,99,8.08
Hay River,CA,60.8156,-115.7999,62.58,67,51,11.5
Caravelas,BR,-17.7125,-39.2481,72.05,92,30,6.96
Luderitz,NA,-26.6481,15.1594,51.82,67,0,17.27
Newport,GB,51.5877,-2.9984,67.77,91,100,16.73
Lebu,CL,-37.6167,-73.65,47.07,88,86,4.09
Ardakan,IR,32.31,54.0175,82.89,32,32,11.54
Mount Isa,AU,-20.7333,139.5,78.57,24,94,6.91
La Tuque,CA,47.4334,-72.7824,61.05,88,56,2.3
College,US,64.8569,-147.8028,77.0,38,100,5.75
Konevo,RU,62.1215,39.3192,54.9,94,42,3.71
Sorong,ID,-0.8833,131.25,84.51,67,100,7.56
Tuktoyaktuk,CA,69.4541,-133.0374,46.4,66,40,6.91
Kavieng,PG,-2.5744,150.7967,85.28,63,90,9.84
Boende,CD,-0.2167,20.8667,71.53,86,89,0.98
Galesong,ID,-5.3166,119.3661,84.22,69,98,6.31
Marawi,PH,7.9986,124.2928,76.06,85,100,2.06
Khatanga,RU,71.9667,102.5,48.51,77,100,11.81
Fortuna,US,40.5982,-124.1573,61.92,87,100,8.05
Albany,US,42.6001,-73.9662,68.79,78,0,4.85
Leh,IN,34.1667,77.5833,62.04,55,33,8.19
Mataram,ID,-8.5833,116.1167,83.21,62,81,9.15
Dickson,US,36.077,-87.3878,75.94,91,100,0.0
Ilulissat,GL,69.2167,-51.1,43.57,87,100,9.62
Bluff,NZ,-46.6,168.3333,47.8,77,49,16.26
Davlekanovo,RU,54.2215,55.0343,66.33,70,26,2.71
Port Keats,AU,-14.25,129.55,90.0,25,42,1.12
Pau Brasil,BR,-15.4642,-39.6511,65.88,97,23,1.45
Nioro,GM,13.35,-15.75,74.73,94,100,7.45
Tiksi,RU,71.6872,128.8694,52.34,71,100,4.25
Yerbogachen,RU,61.2767,108.0108,74.03,57,45,2.59
Chumikan,RU,54.7183,135.315,58.06,91,100,3.94
Bambous Virieux,MU,-20.3428,57.7575,70.21,73,40,17.27
Ribeira Grande,PT,38.5167,-28.7,73.56,71,17,2.48
Grindavik,IS,63.8424,-22.4338,49.95,81,75,8.05
Port Elizabeth,ZA,-33.918,25.5701,52.09,77,0,12.66
Zolochiv,UA,49.806,24.8944,63.79,92,100,4.34
Ancud,CL,-41.8697,-73.8203,42.22,87,100,3.33
Kapaa,US,22.0752,-159.319,82.72,76,75,12.66
Palana,RU,59.1167,159.9667,60.01,57,62,15.12
Atar,MR,20.5169,-13.0499,82.08,62,99,7.11
Lucapa,AO,-8.4192,20.7447,63.1,39,0,3.85
Huancavelica,PE,-12.7667,-74.9833,34.7,58,1,1.25
Bredasdorp,ZA,-34.5322,20.0403,44.8,85,15,4.41
Le Port,RE,-20.9373,55.2919,69.26,64,37,12.39
Chapais,CA,49.7834,-74.8492,62.38,77,98,8.23
Chokurdakh,RU,70.6333,147.9167,70.07,39,3,6.76
Mahanje,TZ,-9.9333,35.3333,56.44,90,24,1.48
Najran,SA,17.4924,44.1277,81.25,43,100,5.55
Tabas,IR,33.5959,56.9244,89.55,29,0,3.56
Yar-Sale,RU,66.8333,70.8333,54.82,58,56,11.81
Kropotkin,RU,45.4375,40.5756,72.68,65,9,6.55
Acarau,BR,-2.8856,-40.12,77.2,84,28,11.39
San Cristobal,VE,7.7669,-72.225,73.58,97,45,3.47
Santa Marta,CO,11.2408,-74.199,84.25,65,20,9.22
Padilla,CO,3.2204,-76.3139,72.97,89,99,3.62
Te Anau,NZ,-45.4167,167.7167,42.69,80,72,0.51
Hofn,IS,64.2539,-15.2082,49.44,60,80,9.89
Hilo,US,19.7297,-155.09,83.28,77,75,9.22
Mormugao,IN,15.4,73.8,78.06,94,75,4.61
Vardo,NO,70.3705,31.1107,51.78,93,100,10.36
Barrow,US,71.2906,-156.7887,40.01,82,94,10.47
Kuusamo,FI,65.9667,29.1833,53.64,94,100,4.61
Lieto,FI,60.5103,22.4618,60.96,94,0,4.61
Meulaboh,ID,4.1363,96.1285,83.05,70,77,1.16
Hami,CN,42.8,93.45,91.87,19,95,10.71
Hobart,AU,-42.8794,147.3294,54.23,70,75,12.66
Mwinilunga,ZM,-11.7358,24.4293,54.59,49,2,2.93
Kerikeri,NZ,-35.2268,173.9474,59.92,64,29,12.03
Sinegorye,RU,62.0788,150.477,64.18,56,84,6.98
Tautira,PF,-17.7333,-149.15,77.74,71,13,23.02
Collie,AU,-33.3667,116.15,56.59,57,85,7.43
Aliwal North,ZA,-30.6937,26.7114,42.75,63,100,3.67
Esperance,AU,-33.8667,121.9,55.89,62,37,16.98
Itarema,BR,-2.9248,-39.9167,77.54,82,20,11.18
Taretan,MX,19.3333,-101.9167,66.92,96,100,3.47
Litovko,RU,49.2361,135.1742,70.5,82,100,6.67
Klaksvik,FO,62.2266,-6.589,50.92,78,6,18.05
Zhigansk,RU,66.7697,123.3711,73.02,64,82,15.88
Taltal,CL,-25.4,-70.4833,56.86,80,38,3.29
Nassau,US,40.7507,-73.5829,81.93,64,1,7.16
Shingu,JP,33.7333,135.9833,87.75,62,23,7.81
Nemuro,JP,43.3236,145.575,72.82,82,96,7.25
Faanui,PF,-16.4833,-151.75,79.32,70,3,22.93
Qaanaaq,GL,77.484,-69.3632,41.23,67,19,2.33
Gat,IL,31.61,34.7642,76.41,100,35,0.31
Longyearbyen,SJ,78.2186,15.6401,48.04,81,75,11.5
Kanye,BW,-24.9667,25.3327,49.93,35,35,4.79
Kihei,US,20.785,-156.4656,83.97,68,68,2.73
Altamont,US,42.2068,-121.7372,88.79,25,70,14.9
Kapoeta,SS,4.7717,33.5903,69.1,91,98,4.68
Skierniewice,PL,51.9548,20.1584,59.68,97,100,14.32
Gavrilovka Vtoraya,RU,52.877,42.7663,63.59,72,57,6.62
Mar Del Plata,AR,-38.0023,-57.5575,53.1,89,0,10.0
Billings,US,45.7833,-108.5007,86.5,28,0,1.99
Rio Grande,BR,-32.035,-52.0986,42.94,73,17,5.28
Praia Da Vitoria,PT,38.7333,-27.0667,71.85,88,20,4.72
Pokhara,NP,28.2333,83.9833,74.52,92,100,0.58
Bafq,IR,31.6128,55.4107,83.08,34,19,9.26
Novyy Urengoy,RU,66.0833,76.6333,53.28,59,26,17.45
Dunedin,NZ,-45.8742,170.5036,46.8,74,99,8.01
Yulara,AU,-25.2406,130.9889,67.3,37,9,12.77
Lichinga,MZ,-13.3128,35.2406,52.47,68,0,4.14
Kashan,IR,33.9831,51.4364,87.39,28,0,6.91
Palmer,US,42.1584,-72.3287,70.25,77,0,0.0
Kirakira,SB,-10.4544,161.9205,84.45,69,12,10.11
Merseburg,DE,51.3667,12.0,60.01,95,0,5.75
Pedernales,DO,18.0384,-71.744,82.71,72,87,5.08
Gotsu,JP,35.0,132.2167,84.87,68,100,8.25
College Station,US,30.628,-96.3344,89.4,55,0,9.22
Okhotsk,RU,59.3833,143.3,58.64,87,100,12.37
Mnogovershinnyy,RU,53.9353,139.9242,63.61,71,83,3.62
Airai,TL,-8.9266,125.4092,73.49,49,47,4.27
Half Moon Bay,US,37.4636,-122.4286,69.8,87,100,16.11
Dingle,PH,10.9995,122.6711,85.53,73,99,7.65
Fatehabad,IN,29.5167,75.45,82.44,79,98,3.67
Adrar,MR,20.5022,-10.0711,88.59,40,5,7.58
Tha Chang,TH,9.2642,99.1922,89.24,74,20,3.44
Port Blair,IN,11.6667,92.75,83.71,78,100,13.98
Souillac,MU,-20.5167,57.5167,68.38,73,40,17.27
Aswan,EG,24.0934,32.907,84.97,21,1,8.59
Senekal,ZA,-28.3197,27.6208,43.21,51,10,3.49
Pevek,RU,69.7008,170.3133,50.11,58,17,8.79
Victoria,HK,22.2855,114.1577,92.32,76,17,4.0
Tapes,BR,-30.6733,-51.3958,50.45,80,0,4.76
Kamaishi,JP,39.2667,141.8833,84.6,64,7,3.8
Cidreira,BR,-30.1811,-50.2056,53.85,82,1,6.69
Tuatapere,NZ,-46.1333,167.6833,46.27,83,71,10.76
Karaj,IR,35.8355,51.0103,75.72,43,3,1.99
Ferrol,ES,43.4832,-8.2369,66.27,90,2,11.07
Malartic,CA,48.1335,-78.1328,60.17,84,17,4.81
At-Bashi,KG,41.1702,75.8106,61.77,58,98,0.89
Dalvik,IS,65.9702,-18.5286,43.09,95,100,7.0
Virginia Beach,US,36.8529,-75.978,79.02,78,0,0.0
Chuy,UY,-33.6971,-53.4616,47.62,82,17,4.03
Kurmanayevka,RU,52.5093,52.0675,69.21,66,67,4.07
Huarmey,PE,-10.0681,-78.1522,62.96,83,4,8.01
Mandalgovi,MN,45.7625,106.2708,77.27,24,65,6.33
Majene,ID,-3.5403,118.9707,82.04,77,100,10.78
Nikolskoye,RU,59.7035,30.7861,55.8,93,8,4.5
Turayf,SA,31.6725,38.6637,78.46,37,7,8.48
Dalkeith,GB,55.8934,-3.0638,58.44,83,100,1.34
Riyadh,SA,24.6877,46.7219,91.54,48,86,6.8
Sinnamary,GF,5.3833,-52.95,78.03,85,77,9.1
Kaeo,NZ,-35.1,173.7833,58.32,66,20,13.22
Maceio,BR,-9.6658,-35.7353,76.44,88,75,3.44
Llallagua,BO,-18.4167,-66.6333,43.21,20,14,1.52
Naze,JP,28.3667,129.4833,85.12,85,88,31.68
Malinyi,TZ,-8.9333,36.1333,67.71,72,73,1.9
Norfolk,US,42.1668,-71.2495,73.98,70,0,0.0
Vostok,RU,46.4856,135.8833,79.79,59,100,3.62
Kutum,SD,14.2,24.6667,69.71,73,90,2.39
Thompson,CA,55.7435,-97.8558,54.97,57,100,6.13
Teya,RU,60.3778,92.6267,78.3,59,48,4.7
Puerto Quijarro,BO,-17.7833,-57.7667,67.05,55,1,1.7
Carnarvon,AU,-24.8667,113.6333,67.87,39,5,14.5
Launceston,AU,-41.45,147.1667,55.04,64,40,20.71
Otane,NZ,-39.8833,176.6333,52.02,75,96,10.09
Susanville,US,40.4163,-120.653,87.64,23,0,10.36
Berlevag,NO,70.8578,29.0864,51.75,93,100,13.8
Riohacha,CO,11.5444,-72.9072,80.42,69,1,13.8
Los Llanos De Aridane,ES,28.6585,-17.9182,69.55,69,100,17.27
Morondava,MG,-20.2833,44.2833,70.03,80,72,4.38
Monticello,US,45.3055,-93.7941,78.91,68,75,8.05
Olafsvik,IS,64.8945,-23.7142,48.61,76,3,6.71
Kumta,IN,14.4167,74.4,81.79,81,81,4.47
Plouzane,FR,48.3833,-4.6167,64.45,91,100,4.61
Komsomolskiy,UZ,40.4272,71.7189,81.32,36,99,4.61
Saint-Philippe,RE,-21.3585,55.7679,65.21,76,41,15.73
Kathu,TH,7.9178,98.3332,87.69,88,100,10.47
Ullapool,GB,57.8987,-5.1604,50.34,82,98,4.16
Mount Gambier,AU,-37.8333,140.7667,49.91,87,100,17.27
Semporna,MY,4.4818,118.6112,82.11,81,100,4.81
Aklavik,CA,68.2191,-135.0107,53.49,63,100,10.2
Saskylakh,RU,71.9167,114.0833,52.66,94,100,9.69
Sola,VU,-13.8833,167.55,80.19,74,99,9.26
Poronaysk,RU,49.2167,143.1167,60.01,87,100,12.15
Yumen,CN,40.2833,97.2,87.42,17,90,11.41
Korgen,NO,66.0771,13.8153,56.17,68,71,6.55
Tessalit,ML,20.1986,1.0114,84.79,45,77,10.56
Sozimskiy,RU,59.7418,52.2482,63.41,73,97,2.1
Lorengau,PG,-2.0226,147.2712,85.03,65,83,10.85
Tabory,RU,58.5198,64.5495,66.58,82,33,5.53
Sisophon,KH,13.5859,102.9737,87.98,64,100,7.05
Gamba,GA,-2.65,10.0,72.43,84,81,5.82
Tougan,BF,13.0667,-3.0667,77.49,73,62,5.95
Kavaratti,IN,10.5669,72.642,81.05,81,100,21.36
Acapulco,MX,16.8634,-99.8901,82.22,74,40,2.3
Jati,PK,24.3539,68.2671,82.99,75,64,19.35
Noumea,NC,-22.2763,166.4572,73.38,99,100,17.45
Warri,NG,5.5167,5.75,73.56,92,100,4.14
Monrovia,LR,6.3005,-10.7969,73.17,74,43,6.35
Deulgaon Raja,IN,20.0167,76.0333,78.57,72,20,9.31
Nechanice,CZ,50.2374,15.6328,60.66,90,96,9.22
Purpe,RU,64.4803,76.6897,55.4,57,4,19.8
Coari,BR,-4.085,-63.1414,75.52,82,44,3.83
Kendari,ID,-3.945,122.4989,75.51,95,100,1.05
Pasni,PK,25.2631,63.471,81.77,83,100,10.74
Eganville,CA,45.5334,-77.0994,63.52,80,0,5.41
Ereymentau,KZ,51.6199,73.1033,60.33,93,100,6.08
Norman Wells,CA,65.282,-126.8329,63.03,51,53,8.59
Puerto Del Rosario,ES,28.5004,-13.8627,73.15,83,40,11.5
Talnakh,RU,69.4865,88.3972,47.21,82,100,16.55
Albert Town,JM,18.2943,-77.5424,69.57,93,3,4.09
Nalut,LY,30.3333,10.85,78.46,28,0,10.36
Lasa,IT,46.6166,10.7002,55.36,82,15,5.99
Quevedo,EC,-1.0333,-79.45,74.89,78,99,1.7
Ostrovnoy,RU,68.0531,39.5131,58.53,89,65,5.75
Koltsovo,RU,54.9376,83.1825,72.79,72,71,4.88
Anadyr,RU,64.75,177.4833,60.49,51,100,3.65
Maragogi,BR,-9.0122,-35.2225,75.04,87,100,8.16
Hasaki,JP,35.7333,140.8333,100.29,66,3,6.06
Oksfjord,NO,70.2396,22.3479,53.78,75,36,7.11
Hazorasp,UZ,41.3194,61.0742,75.04,33,0,9.4
Cabo San Lucas,MX,22.8909,-109.9124,87.62,65,16,1.99
Westport,US,41.1415,-73.3579,76.98,75,0,4.61
Assiniboia,CA,49.6334,-105.9845,66.69,80,57,11.63
Novopskov,UA,49.5464,39.0899,62.44,70,1,7.02
Avarua,CK,-21.2078,-159.775,78.85,69,40,20.71
Edremit,TR,39.5961,27.0244,74.95,64,0,13.8
Bardiyah,LY,31.7561,25.0865,76.68,85,0,14.54
Muroto,JP,33.2833,134.15,82.87,81,81,8.23
Bagdarin,RU,54.4333,113.6,62.08,79,99,3.38
Labuan,MY,5.2767,115.2417,82.09,76,74,7.96
Bairiki,KI,1.3292,172.9752,86.0,66,20,13.8
George,ZA,-33.963,22.4617,49.08,77,75,9.95
Sayyan,YE,15.1718,44.3244,57.96,74,100,1.83
Makakilo City,US,21.3469,-158.0858,84.52,58,75,16.11
East Moline,US,41.5009,-90.4443,71.31,77,0,5.75
Chiredzi,ZW,-21.05,31.6667,55.74,42,0,3.0
Shelburne,CA,44.0787,-80.2041,61.59,90,2,4.54
San Patricio,US,28.017,-97.5169,86.09,71,61,13.04
Coahuayana,MX,18.7333,-103.6833,79.0,83,100,2.55
Portland,US,45.5234,-122.6762,96.75,36,20,8.05
Port Hedland,AU,-20.3167,118.5667,82.45,28,20,16.11
Buala,SB,-8.145,159.5921,85.96,64,23,7.76
Cacapava Do Sul,BR,-30.5122,-53.4914,41.7,88,64,1.9
Butaritari,KI,3.0707,172.7902,82.06,70,95,16.4
Kahului,US,20.8947,-156.47,86.02,51,20,24.16
Kungurtug,RU,50.5994,97.5228,72.14,36,49,2.26
Codrington,AU,-38.2667,141.9667,49.73,86,100,19.3
Saldanha,ZA,-33.0117,17.9442,50.31,78,9,8.88
Gigmoto,PH,13.7796,124.39,86.45,68,100,10.96
Lewistown,US,40.5992,-77.5714,69.21,91,0,0.0
Mayaky,UA,47.4408,29.5599,64.49,49,27,8.5
Pasighat,IN,28.0667,95.3333,77.79,98,98,2.73
Kallaste,EE,58.655,27.1592,51.3,85,7,8.32
Kasongo-Lunda,CD,-6.4667,16.8167,65.55,56,0,1.54
Rawson,AR,-43.3002,-65.1023,44.24,61,88,7.27
Saint George,US,37.1041,-113.5841,72.19,83,100,25.32
Nador,MA,35.174,-2.9287,80.85,89,100,5.75
Letnyaya Stavka,RU,45.4306,43.4472,76.46,47,0,5.88
Uyemskiy,RU,64.4743,40.8524,59.05,87,0,4.47
Vao,NC,-22.6667,167.4833,68.2,74,97,24.52
Onega,RU,63.9061,38.1404,54.39,92,75,7.23
Makokou,GA,0.5738,12.8642,67.01,96,43,3.89
Sorel,CA,46.0418,-73.1136,65.75,81,32,7.43
Odweyne,SO,9.4092,45.064,71.62,54,32,15.08
Nanortalik,GL,60.1432,-45.2371,43.88,90,93,1.66
Ayacucho,PE,-13.1583,-74.2239,54.0,73,2,2.64
Santiago De Cuba,CU,20.0247,-75.8219,80.71,74,20,5.75
Yining,CN,29.0361,114.5636,92.05,53,5,1.68
Grand Gaube,MU,-20.0064,57.6608,70.38,68,99,10.0
Rocha,UY,-34.4833,-54.3333,47.28,83,100,4.61
Tynda,RU,55.1667,124.7167,77.32,61,99,8.08
Ximei,CN,24.9639,118.3794,93.69,53,1,0.87
Parrita,CR,9.5201,-84.3225,78.87,87,100,1.99
Bubaque,GW,11.2833,-15.8333,79.02,80,96,15.37
Mackay,AU,-21.15,149.2,72.68,72,100,15.57
Wonthaggi,AU,-38.6044,145.5913,56.82,55,100,19.28
Lata,PT,40.1629,-8.3327,69.71,56,0,3.83
Shimoda,JP,34.6667,138.95,93.11,70,0,14.03
Beloha,MG,-25.1667,45.05,63.57,82,5,3.09
Flinders,AU,-34.5833,150.8552,66.06,57,100,7.0
Khorixas,NA,-20.3667,14.9667,48.74,47,0,2.06
Roma,US,43.2128,-75.4557,63.37,88,0,5.75
Valley City,US,46.9233,-98.0032,77.52,73,0,10.36
Krynychky,UA,48.3755,34.467,62.31,63,0,7.16
Saint-Pierre,RE,-21.3393,55.4781,69.91,72,0,8.05
Bathsheba,BB,13.2167,-59.5167,83.01,94,40,20.71
Kruisfontein,ZA,-34.0033,24.7314,50.23,77,92,16.11
Areia Branca,BR,-4.9561,-37.1369,75.76,86,98,13.6
Mae Sai,TH,20.4335,99.8762,76.48,94,100,1.57
Punta Cardon,VE,11.6581,-70.215,79.47,83,7,27.45
Miri,MY,4.4148,114.0089,84.83,67,100,6.87
Lewisburg,US,35.4492,-86.7889,75.45,96,0,0.0
Vila Velha,BR,-20.3297,-40.2925,71.55,64,100,8.05
Clyde River,CA,70.4692,-68.5914,37.63,100,100,10.36
Hobyo,SO,5.3505,48.5268,74.91,85,76,20.98
Luocheng,CN,29.3848,104.0286,87.48,63,2,0.76
The Valley,AI,18.217,-63.0578,83.1,87,29,22.5
Constitucion,CL,-35.3333,-72.4167,50.83,90,84,4.25
Mikumi,TZ,-7.4041,36.9831,64.17,89,64,0.13
Cherskiy,RU,68.75,161.3,68.07,36,27,14.63
Harnai,PK,30.1005,67.9374,80.67,81,100,3.06
Groningen,NL,53.25,6.75,65.01,75,91,4.61
Alofi,NU,-19.0595,-169.9187,77.4,79,8,20.2
Srivardhan,IN,18.0333,73.0167,81.5,81,32,8.9
Hambantota,LK,6.1241,81.1185,81.93,74,77,13.2
Hamilton,US,39.1834,-84.5333,72.0,76,0,0.0
Mahebourg,MU,-20.4081,57.7,70.25,68,40,16.11
Beaverlodge,CA,55.2166,-119.4361,67.12,70,47,5.12
Uturoa,PF,-16.7333,-151.4333,79.18,70,5,23.04
Sitka,US,57.0531,-135.33,58.89,94,100,0.0
Belmonte,BR,-15.8631,-38.8828,73.72,90,19,7.11
Yablonovo,RU,50.8523,37.3574,60.46,72,32,5.99
Tilichiki,RU,60.4667,166.1,53.31,78,99,8.52
Nara,JP,34.6851,135.8049,97.97,30,67,3.36
Nanakuli,US,21.3906,-158.1547,85.95,54,75,11.5
Oriximina,BR,-1.7656,-55.8661,73.78,94,99,3.44
Hirara,JP,24.8,125.2833,89.46,74,75,11.5
Oussouye,SN,12.485,-16.5469,76.86,88,100,9.22
Brufut,GM,13.3814,-16.7518,78.49,84,91,16.26
Saint-Augustin,CA,51.226,-58.6502,60.33,86,18,10.2
Bazarnyye Mataki,RU,54.8833,49.9333,64.33,81,95,1.9
Erenhot,CN,43.6475,111.9767,83.05,31,85,1.25
Kosh-Agach,RU,50.0,88.6667,62.96,51,38,2.08
Cesme,TR,38.3228,26.3064,76.71,65,0,6.91
Ust-Tsilma,RU,65.441,52.1498,61.5,83,99,4.63
Svetlogorsk,BY,52.6333,29.7333,60.58,82,100,8.86
Port Hardy,CA,50.6996,-127.4199,65.61,81,14,11.99
Polgardi,HU,47.061,18.302,64.38,77,15,14.99
Bucerias,MX,20.75,-105.3333,84.18,74,75,0.0
Zyryanka,RU,65.75,150.85,75.6,28,6,16.11
Severo-Kurilsk,RU,50.6789,156.125,56.84,82,23,8.3
Pervomayskoye,RU,43.919,46.7102,74.46,71,61,6.26
Canakkale,TR,40.0833,26.8333,63.18,97,10,3.62
High Level,CA,58.5169,-117.136,59.14,78,100,1.21
Thunder Bay,CA,48.4001,-89.3168,60.55,75,0,3.56
Eureka,US,40.8021,-124.1637,63.19,86,70,1.99
Nueva Guinea,NI,11.6876,-84.4562,71.73,97,100,5.17
Henties Bay,NA,-22.116,14.2845,54.59,83,56,9.06
Lorica,CO,9.2365,-75.8135,79.21,89,100,6.58
East London,ZA,-33.0153,27.9116,56.34,63,9,16.31
Nusaybin,TR,37.0778,41.2178,86.41,18,0,2.44
Sao Joao Da Barra,BR,-21.6403,-41.0511,63.28,73,0,7.16
Miles City,US,46.4083,-105.8406,90.57,23,20,18.41
Buchanan,LR,5.8808,-10.0467,74.05,80,13,6.04
Camacha,PT,33.0833,-16.3333,67.42,73,40,11.5
Torbay,CA,47.6666,-52.7314,65.57,89,100,7.0
Bojnurd,IR,37.4747,57.329,70.97,64,0,5.14
Bengkulu,ID,-3.8004,102.2655,80.29,77,98,1.66
Anaconda,US,46.1285,-112.9423,83.39,30,3,5.35
Southbridge,US,42.0751,-72.0334,68.86,85,0,3.0
Nome,US,64.5011,-165.4064,63.16,44,0,11.5
Fairbanks,US,64.8378,-147.7164,76.01,40,75,8.05
Zhengjiatun,CN,43.5064,123.5064,83.7,71,11,12.97
Teahupoo,PF,-17.8333,-149.2667,75.16,74,15,23.55
Portales,US,34.1862,-103.3344,80.76,57,82,9.19
Am Timan,TD,11.0297,20.2827,71.15,93,22,5.12
Omboue,GA,-1.5746,9.2618,71.87,89,43,5.21
Ekibastuz,KZ,51.6667,75.3667,64.99,82,100,10.78
Mufumbwe,ZM,-13.6833,24.8,49.8,53,0,2.95
Sao Filipe,CV,14.8961,-24.4956,77.38,79,100,7.07
Kon Tum,VN,14.35,108.0,82.8,70,80,3.11
Andenes,NO,69.3143,16.1194,57.92,82,18,10.36
Marrakesh,MA,31.6315,-8.0083,84.27,37,0,2.3
Taos,US,36.4072,-105.5731,65.19,88,100,8.01
Pochutla,MX,15.7432,-96.4661,76.82,89,98,3.11
Terracina,IT,41.2863,13.2217,75.92,99,0,3.29
Asfi,MA,32.2994,-9.2372,74.23,69,0,13.58
Tamandare,BR,-8.7597,-35.1047,75.07,87,100,5.66
Ponta Delgada,PT,37.7333,-25.6667,68.72,88,40,5.75
Leon,MX,21.1167,-101.6667,68.05,61,93,6.46
Padang,ID,-0.9492,100.3543,84.25,66,25,3.29
Mocuba,MZ,-16.8392,36.9856,60.76,97,0,3.0
Kemijarvi,FI,66.7131,27.4306,47.75,98,99,3.53
Angoche,MZ,-16.2325,39.9086,69.66,83,3,2.17
Hit,IQ,33.6416,42.8251,92.14,12,47,4.07
Cap Malheureux,MU,-19.9842,57.6142,69.48,73,99,11.01
Madera,US,37.1666,-119.8343,95.09,35,61,3.0
Nenjiang,CN,49.1833,125.2167,73.65,84,100,10.92
Canutama,BR,-6.5339,-64.3831,78.03,51,36,2.75
Safaga,EG,26.7292,33.9365,85.05,38,58,10.47
Imbituba,BR,-28.24,-48.6703,49.08,98,1,3.62
Bushehr,IR,28.9684,50.8385,91.98,64,95,5.19
Leningradskiy,RU,69.3833,178.4167,49.86,65,66,9.1
Oga,IT,46.4631,10.347,51.69,83,8,5.75
Flagstaff,US,35.1981,-111.6513,66.09,94,75,3.44
Montepuez,MZ,-13.1256,38.9997,60.57,97,5,3.33
Narva-Joesuu,EE,59.4589,28.0408,57.96,82,38,8.3
Guaruja,BR,-23.9931,-46.2564,61.81,68,13,2.42
Nabire,ID,-3.3667,135.4833,84.81,68,90,5.1
Touros,BR,-5.1989,-35.4608,75.88,85,100,12.88
Lodwar,KE,3.1191,35.5973,76.46,59,11,3.56
Sulangan,PH,11.1373,123.7228,83.93,72,100,8.14
Bilma,NE,18.6853,12.9164,86.86,34,46,7.2
Quatre Cocos,MU,-20.2078,57.7625,69.91,68,93,12.53
Frederiksberg,DK,55.6794,12.5346,60.08,92,100,6.91
Carutapera,BR,-1.195,-46.02,76.64,90,54,6.24
Osvaldo Cruz,BR,-21.7967,-50.8786,57.52,30,1,5.35
Brumado,BR,-14.2036,-41.6653,71.19,39,0,4.21
Stornoway,GB,58.2093,-6.3865,48.92,100,75,4.61
Kawalu,ID,-7.3817,108.2082,80.38,67,57,3.78
Sawankhalok,TH,17.316,99.8319,83.37,77,100,3.6
Necochea,AR,-38.5473,-58.7368,49.8,76,100,7.18
Varhaug,NO,58.6147,5.6457,58.89,91,100,12.28
Vila Franca Do Campo,PT,37.7167,-25.4333,68.41,84,24,5.28
Huanan,CN,46.2167,130.5167,83.48,64,83,5.39
Zaraza,VE,9.3503,-65.3245,74.71,84,91,4.29
Tolaga Bay,NZ,-38.3667,178.3,54.3,66,35,13.47
Dwarka,IN,22.2394,68.9678,81.34,79,100,16.53
Yazman,PK,29.1212,71.7446,87.51,66,100,18.28
Port Macquarie,AU,-31.4333,152.9167,63.9,57,100,13.0
Arona,ES,28.0996,-16.681,68.9,69,20,8.05
Champerico,GT,14.3,-91.9167,81.77,75,93,5.48
Ballina,AU,-28.8667,153.5667,64.02,75,100,2.91
Hisor,TJ,38.525,68.5512,80.35,27,48,6.31
Fethiye,TR,36.6217,29.1164,71.47,42,0,3.56
Kyzyl,RU,51.7,94.45,76.51,40,20,1.28
Weligama,LK,5.9667,80.4167,80.62,80,86,8.03
Avera,US,33.194,-82.5271,77.56,79,48,6.24
Pueblo,US,38.2545,-104.6091,83.16,58,0,12.66
Guerrero Negro,MX,27.9769,-114.0611,70.7,77,5,13.85
La Ronge,CA,55.1001,-105.2842,53.56,88,100,5.03
Brainerd,US,46.358,-94.2008,77.02,61,100,8.05
Sembe,CG,1.6481,14.5806,68.34,92,7,3.58
Laredo,US,27.5064,-99.5075,91.69,43,0,19.57
Ternate,ID,0.8,127.4,84.74,65,85,2.84
Samarai,PG,-10.6167,150.6667,81.14,78,5,11.5
Tromso,NO,69.6496,18.957,51.39,87,77,1.14
General Pico,AR,-35.6566,-63.7568,55.85,39,100,4.88
Pachino,IT,36.7186,15.0907,80.58,70,0,4.41
Tairua,NZ,-37.0167,175.85,54.16,64,7,18.97
Kudahuvadhoo,MV,2.6708,72.8944,78.39,86,100,17.45
Kichera,RU,55.9375,110.0997,55.24,99,100,2.51
Rajauri,IN,33.3833,74.3,76.33,82,96,1.1
Chapaevsk,RU,52.9813,49.7112,68.11,69,80,2.62
Ferry Pass,US,30.5102,-87.2125,82.69,88,0,3.44
Simao,CN,22.7886,100.9748,69.89,94,98,1.81
Vestmanna,FO,62.1564,-7.1664,49.12,87,75,26.46
Isangel,VU,-19.55,169.2667,74.48,82,100,6.26
Novikovo,RU,51.1537,37.8879,64.56,66,98,4.7
Honiara,SB,-9.4333,159.95,86.13,65,23,7.94
Revelstoke,CA,50.9832,-118.2023,79.68,52,47,3.44
Kjopsvik,NO,68.097,16.3742,53.47,66,1,7.56
Ankola,IN,14.6667,74.3,81.99,80,79,4.27
Panguna,PG,-6.3164,155.4848,83.43,53,14,4.27
Nakamura,JP,32.9833,132.9333,86.25,69,10,7.47
Marshfield,US,44.6689,-90.1718,66.88,72,0,4.61
Pisco,PE,-13.7,-76.2167,59.05,88,0,10.36
Inhambane,MZ,-23.865,35.3833,63.01,88,0,4.97
Griffith,US,41.5284,-87.4237,76.89,82,0,0.0
Gushikawa,JP,26.3544,127.8686,85.59,86,75,8.05
Nisia Floresta,BR,-6.0911,-35.2086,74.21,95,100,5.17
Athabasca,CA,54.7169,-113.2854,62.17,74,41,10.58
Haines Junction,CA,60.7522,-137.5108,67.23,47,62,8.3
Mehamn,NO,71.0357,27.8492,51.71,100,100,4.61
San Vicente,AR,-26.6167,-54.1333,45.19,86,28,2.33
Manturovo,RU,58.3353,44.7619,57.76,78,6,4.16
Murmashi,RU,68.8154,32.8115,54.01,100,100,1.99
Storrs,US,41.8084,-72.2495,69.66,75,0,3.44
San Carlos De Bariloche,AR,-41.1456,-71.3082,30.24,70,75,3.4
Chapel Hill,US,35.9132,-79.0558,81.81,84,37,3.02
Mujiayingzi,CN,42.1167,118.7833,83.73,50,15,6.82
Inirida,CO,3.8653,-67.9239,73.17,98,100,0.69
Polunochnoye,RU,60.8697,60.4153,61.09,99,100,6.71
Wad Madani,SD,14.4012,33.5199,81.27,62,100,20.51
Nouadhibou,MR,20.931,-17.0347,71.58,88,71,8.05
Evensk,RU,61.95,159.2333,53.29,82,100,11.45
Luwuk,ID,-0.9516,122.7875,82.4,84,80,4.88
Hirado,JP,33.3597,129.5531,94.39,69,74,22.19
Barcelona,ES,41.3888,2.159,78.69,78,0,3.44
Tual,ID,-5.6667,132.75,79.02,87,73,19.13
Mechetinskaya,RU,46.7713,40.456,71.58,71,25,9.08
Fukue,JP,32.6881,128.8419,82.78,84,98,28.27
Alenquer,BR,-1.9417,-54.7383,73.13,96,89,4.43
Erdenet,MN,49.0333,104.0833,71.08,51,4,7.58
Iqaluit,CA,63.7506,-68.5145,43.7,100,73,5.01
Strezhevoy,RU,60.7333,77.5889,66.76,67,100,13.2
Laurel,US,39.0993,-76.8483,77.99,83,0,3.44
Pavlodar,KZ,52.3,76.95,69.6,83,100,0.0
Margate,GB,51.3813,1.3862,66.87,85,99,3.0
Jiaojiang,CN,28.6803,121.4428,100.0,54,17,1.68
Aginskoye,RU,51.1,114.53,75.52,44,4,6.64
Lavrentiya,RU,65.5833,-171.0,47.48,74,94,5.48
Sao Pedro Do Sul,BR,-29.6206,-54.1789,47.41,87,1,4.05
Dicabisagan,PH,17.0818,122.4157,88.16,65,99,4.14
Bonthe,SL,7.5264,-12.505,75.2,77,69,6.17
Sawakin,SD,19.1059,37.3321,91.51,42,14,5.44
Taoudenni,ML,22.6783,-3.9836,92.28,35,85,15.75
Masuda,JP,34.6667,131.85,86.27,66,75,21.85
Shuyskoye,RU,59.3736,41.0305,55.24,88,41,2.62
Mecca,SA,21.4267,39.8261,85.57,29,30,3.56
Gerash,IR,27.6652,54.1371,80.74,60,100,1.81
Kerema,PG,-7.9631,145.7785,81.61,80,85,8.63
Nuuk,GL,64.1835,-51.7216,47.01,76,20,13.8
Venado Tuerto,AR,-33.7456,-61.9688,53.76,47,100,7.2
Ginda,IN,30.6945,78.4932,65.82,93,100,1.74
Chicama,PE,-7.8447,-79.1469,59.54,83,42,4.92
Puerto Colombia,CO,10.9878,-74.9547,82.49,82,27,26.46
Thinadhoo,MV,0.5333,72.9333,78.53,85,100,19.89
Ucluelet,CA,48.9329,-125.5528,68.09,79,0,1.01
Borgarnes,IS,64.5383,-21.9206,50.05,82,4,2.98
Basco,PH,20.4487,121.9702,85.33,74,98,19.55
Lakselv,NO,70.0513,24.9718,51.62,82,100,2.3
Port Lincoln,AU,-34.7333,135.8667,56.44,67,55,23.17
Harnoli,PK,32.2792,71.5539,91.2,58,99,11.1
Kupang,ID,-10.1667,123.5833,84.7,59,48,12.57
Mogadishu,SO,2.0371,45.3438,75.54,83,100,16.55
Qasigiannguit,GL,68.8193,-51.1922,46.65,85,100,9.93
Aden,YE,12.7794,45.0367,82.44,79,59,14.03
Manoel Urbano,BR,-8.8389,-69.2597,74.89,63,48,1.23
Gberia Fotombu,SL,9.8833,-11.1667,66.72,99,99,4.34
Alassio,IT,44.0039,8.1671,80.47,37,2,5.86
Manta,EC,-0.95,-80.7333,73.18,83,20,8.05
Nohar,IN,29.1833,74.7667,83.37,76,100,12.97
Namibe,AO,-15.1961,12.1522,59.31,89,7,6.24
Shakhtinsk,KZ,49.71,72.5872,65.61,66,100,5.21
Ulan-Ude,RU,51.8261,107.6098,73.29,56,20,6.71
Yamaga,JP,33.0167,130.6833,92.84,51,75,11.36
Tacuarembo,UY,-31.7333,-55.9833,45.75,87,49,2.93
Parabel,RU,58.6978,81.4825,67.46,81,100,9.46
Rusape,ZW,-18.5278,32.1284,47.66,55,0,5.64
Tezu,IN,27.9167,96.1667,79.66,92,80,3.49
Faridkot,IN,30.6667,74.75,77.97,95,100,5.82
Lucea,JM,18.451,-78.1736,82.26,78,59,10.78
Waddan,LY,29.1614,16.139,77.38,59,4,1.19
Charleston,US,32.7766,-79.9309,85.01,85,0,4.61
Kita,ML,13.0349,-9.4895,72.16,94,41,2.75
Tinskoy,RU,56.1525,96.9161,65.98,88,100,10.07
Dichiseni,RO,44.2333,27.5333,76.01,68,93,4.47
Tomatlan,MX,19.9333,-105.25,77.94,84,100,1.5
Sao Joao Dos Patos,BR,-6.495,-43.7022,73.24,64,9,4.43
Huatulco,MX,15.8436,-96.3267,75.87,86,93,4.16
Arlit,NE,18.7369,7.3853,92.07,12,20,7.0
Bedford,GB,52.1346,-0.4663,65.91,91,100,11.72
Lakes Entrance,AU,-37.8811,147.981,58.91,50,100,8.01
Biltine,TD,14.5333,20.9167,79.32,67,100,9.06
Maitum,PH,6.0392,124.4986,78.03,86,100,3.42
Esso,RU,55.9333,158.7,57.96,70,87,8.48
Matay,EG,28.419,30.7792,77.68,40,3,7.31
Tooele,US,40.5308,-112.2983,82.47,37,4,8.5
Cockburn Town,TC,21.4612,-71.1419,82.27,86,32,23.82
Pala,TD,9.3642,14.9046,70.27,91,100,6.26
Cairns,AU,-16.9167,145.7667,80.06,66,100,14.97
Khuzhir,RU,53.1939,107.3397,56.43,90,100,10.85
Tigil,RU,57.8,158.6667,66.63,46,81,12.35
Ambulu,ID,-8.345,113.6058,82.49,61,100,7.2
Savalou,BJ,7.9281,1.9756,70.02,96,100,3.15
Causapscal,CA,48.3542,-67.227,60.66,82,97,7.09
Estelle,US,29.8458,-90.1067,80.6,80,0,8.05
Ambilobe,MG,-13.2,49.05,63.81,88,0,4.25
Korostyshiv,UA,50.3172,29.0563,68.61,50,100,11.18
Mahibadhoo,MV,3.7833,72.9667,78.67,84,100,18.21
Bakchar,RU,57.0186,82.0711,71.15,68,13,3.87
Torfyanoy,RU,58.4916,49.1979,62.62,84,79,3.15
Jizan,SA,17.3333,42.6667,88.74,73,86,4.12
Havre-Saint-Pierre,CA,50.2334,-63.5986,55.76,94,75,11.5
Shaunavon,CA,49.6501,-108.4181,65.98,61,3,10.74
Bull Savanna,JM,17.8868,-77.5902,77.27,84,4,4.99
Smirnykh,RU,49.75,142.8333,60.93,86,100,4.97
Richards Bay,ZA,-28.783,32.0377,60.85,90,26,3.83
Bajil,YE,15.0584,43.2851,88.5,60,100,0.56
Pran Buri,TH,12.3847,99.9098,90.9,66,100,8.32
Smithers,CA,54.7804,-127.1743,80.92,54,40,4.61
Treuchtlingen,DE,48.95,10.9167,59.4,86,20,1.59
Flin Flon,CA,54.7682,-101.865,58.57,74,100,1.92
Whitianga,NZ,-36.8333,175.7,54.41,62,9,17.22
Fort Nelson,CA,58.8053,-122.7002,67.59,68,75,3.44
Tokmak,UA,47.2514,35.7058,67.19,51,2,11.88
Baykit,RU,61.67,96.37,75.83,69,39,4.79
Bilibino,RU,68.0546,166.4372,61.84,44,93,11.36
Wasilla,US,61.5814,-149.4394,63.01,80,100,3.44
Krasnofarfornyy,RU,59.1364,31.8502,55.17,84,79,3.11
Kidal,ML,18.4411,1.4078,85.75,41,56,8.14
Gornozavodsk,RU,58.3758,58.3211,65.25,66,100,1.48
Bambanglipuro,ID,-7.95,110.2833,81.37,70,89,7.54
Tuyen Quang,VN,21.8233,105.2181,85.71,80,100,0.85
Etchoropo,MX,26.7667,-109.6667,86.41,63,46,2.37
Celestun,MX,20.8667,-90.4,76.87,86,70,15.17
Chinna Salem,IN,11.65,78.9,85.6,62,37,1.32
Mbuguni,TZ,-3.5667,36.95,61.59,86,78,3.11
Boyolangu,ID,-8.1181,111.8935,81.09,67,96,7.58
Faya,SA,18.3851,42.4509,66.31,63,63,3.65
Malakal,SS,9.5334,31.6605,71.01,96,100,3.87
Taremskoye,RU,55.9289,43.0443,57.02,77,1,4.38
Prado,BR,-17.3411,-39.2208,73.0,91,30,2.8
Miandrivazo,MG,-19.5167,45.4667,70.45,77,99,1.52
Kysyl-Syr,RU,63.8986,122.7617,78.66,50,38,7.2
Balykshi,KZ,47.0667,51.8667,75.2,41,0,4.47
Keetmanshoop,NA,-26.5833,18.1333,42.4,73,52,2.42
Kasempa,ZM,-13.4584,25.8338,54.39,47,0,4.7
Plettenberg Bay,ZA,-34.0527,23.3716,50.61,79,75,10.49
Albanel,CA,48.8832,-72.4487,66.34,88,88,5.75
Gravdal,NO,68.1214,13.5031,57.51,72,4,7.2
Merritt Island,US,28.5392,-80.672,84.09,80,0,4.61
Bowen,AU,-20.0167,148.2333,70.63,69,88,20.04
Mareeba,AU,-17.0,145.4333,75.43,68,81,7.72
Christchurch,NZ,-43.5333,172.6333,52.41,51,75,18.41
Heyang,CN,26.1011,107.473,79.57,71,6,3.38
Port Huron,US,42.9709,-82.4249,70.05,80,0,6.91
Pula,HR,44.8683,13.8481,68.58,72,0,1.14
Wanning,CN,18.8003,110.3967,89.29,64,27,7.2
Emerald,AU,-23.5333,148.1667,69.35,46,100,19.57
Malinovskiy,RU,61.1953,62.8397,64.72,82,100,8.61
Lodja,CD,-3.4833,23.4333,73.58,70,64,1.59
Point Fortin,TT,10.1833,-61.6833,77.9,85,26,13.31
Eugene,US,44.0521,-123.0867,88.41,63,75,12.66
Laguna,US,38.421,-121.4238,88.32,57,0,16.11
Kota Bahru,MY,6.1333,102.2386,85.95,70,20,3.44
Jalu,LY,29.0331,21.5482,80.2,44,0,7.52
Luau,AO,-10.7073,22.2247,61.07,38,0,2.1
Xai-Xai,MZ,-25.0519,33.6442,59.45,80,4,6.04
Kalmunai,LK,7.4167,81.8167,81.72,73,100,1.9
San Jose,US,37.3394,-121.895,70.25,75,40,14.97
Sisimiut,GL,66.9395,-53.6735,46.54,80,73,1.41
Brae,GB,60.3964,-1.353,52.09,86,32,13.58
Dogondoutchi,NE,13.6393,4.0287,79.23,62,100,11.41
Talara,PE,-4.5772,-81.2719,63.52,89,16,15.5
Port Augusta,AU,-32.5,137.7667,60.96,54,100,11.65
Lousa,PT,40.1167,-8.2492,72.3,52,0,4.7
Rio Cuarto,AR,-33.1307,-64.3499,57.47,38,97,8.39
Liverpool,GB,53.4106,-2.9779,65.61,94,100,6.91
Bonavista,CA,48.6499,-53.1147,61.79,86,100,14.65
Shenjiamen,CN,29.9576,122.298,84.61,74,34,7.85
Zonnebeke,BE,50.8726,2.9873,64.89,81,91,7.47
Lingao,CN,19.9103,109.6859,87.96,66,18,6.29
Togur,RU,58.3631,82.8265,69.53,78,100,9.37
Tetouan,MA,35.5711,-5.3724,75.97,83,100,4.61
Havoysund,NO,70.9963,24.6622,52.03,87,96,10.89
Sibi,PK,29.5448,67.8764,92.61,56,100,6.2
Mabaruma,GY,8.2,-59.7833,74.21,94,54,2.93
Broken Hill,AU,-31.95,141.4333,57.94,43,100,20.51
Hastings,GB,50.8552,0.5729,66.52,99,96,11.59
Eskil,TR,38.4017,33.4131,68.85,38,0,2.57
Calvinia,ZA,-31.4707,19.776,31.82,100,75,3.44
Along,IN,28.1667,94.7667,77.04,96,97,2.04
Whitehorse,CA,60.7161,-135.0538,72.37,44,75,13.8
Berbera,SO,10.4396,45.0143,90.32,39,7,25.23
Thiruvarur,IN,10.7667,79.65,86.7,60,84,6.8
Kulykiv,UA,50.3142,24.8176,64.22,91,100,4.29
Husavik,IS,66.0449,-17.3389,43.54,92,100,20.98
Zaysan,KZ,47.4667,84.8667,81.16,27,73,3.94
Tabou,CI,4.423,-7.3528,74.89,81,100,5.97
Dasoguz,TM,41.8363,59.9666,82.35,36,0,9.22
Deputatskiy,RU,69.3,139.9,68.13,52,93,3.8
Yakima,US,46.4665,-120.6678,100.33,22,0,6.91
Narasaraopet,IN,16.25,80.0667,85.59,64,100,6.13
Hualmay,PE,-11.0964,-77.6139,62.33,82,7,10.49
Buenos Aires,AR,-34.6132,-58.3772,57.94,79,0,8.05
Kochubey,RU,44.3861,46.5825,76.08,62,0,5.46
Turbo,CO,8.0937,-76.7269,78.71,89,100,2.71
Tignere,CM,7.3667,12.65,60.87,97,93,2.1
Udachnyy,RU,66.4167,112.4,75.61,57,61,7.18
Nantucket,US,41.2835,-70.0995,73.51,88,20,6.91
Muros,ES,42.7762,-9.0603,69.1,69,0,13.31
Termiz,UZ,37.2242,67.2783,80.69,36,0,6.91
Arifwala,PK,30.294,73.0735,87.39,70,100,9.93
Sobolevo,RU,54.4299,31.8996,52.9,84,48,4.63
Wlodawa,PL,51.55,23.55,64.94,97,100,5.91
Pacific Grove,US,36.6177,-121.9166,67.01,86,75,6.91
Kotka,FI,60.4664,26.9458,54.66,85,12,9.82
Alpena,US,45.0617,-83.4327,65.1,96,0,0.0
Tommot,RU,58.9564,126.2925,84.54,39,81,5.08
